n,mae,rmse,r2,picp_90,mean_interval_width_90,crps_gaussian,model,feature_set
40838,0.13878575221983067,0.29563200809519474,0.9158038401245651,0.8999951026005191,0.7299447014092014,0.13508967387899357,Persistence,AQI_lag_1h
40838,0.17153078063574745,0.2820720156890453,0.9233504902550427,0.9034232822371321,0.8062445027071309,0.14112411068476413,HistGradientBoosting,full
40838,0.17165532197219702,0.2823258244130835,0.9232124895623746,0.9046721191047554,0.8071765668066169,0.14110770325971977,HistGradientBoosting,no_spatial
40838,0.1710660218245531,0.2837203348000234,0.9224520530195427,0.9037171262059847,0.8128186686423865,0.1417507887227177,HistGradientBoosting,no_temporal
40838,0.17152961125528593,0.2833668729248363,0.9226451528111868,0.9034232822371321,0.8068609556377986,0.14162406515990608,HistGradientBoosting,aqi_lag_only
