n,mae,rmse,r2,picp_90,mean_interval_width_90,crps_gaussian,model,feature_set
40838,0.13878575221983067,0.29563200809519474,0.9158038401245651,0.8999951026005191,0.7299447014092014,0.13508967387899357,Persistence,AQI_lag_1h
40838,0.17153078063574745,0.2820720156890453,0.9233504902550427,0.9034232822371321,0.8062445027071309,0.14112411068476413,HistGradientBoosting,full
