{
  "best_temporal": {
    "available": true,
    "pass": false,
    "r2": 0.9233504902550428,
    "rmse": 0.2820720156890453,
    "target_r2": 0.94,
    "target_rmse": 0.15
  },
  "best_loso_model": {
    "available": true,
    "pass": false,
    "r2": 0.8879953026338635,
    "rmse": 0.3332687132718771,
    "target_r2": 0.94,
    "target_rmse": 0.15
  },
  "best_interpolation": {
    "available": true,
    "pass": false,
    "r2": 0.209772019505472,
    "rmse": 0.8571530692683128,
    "target_r2": 0.94,
    "target_rmse": 0.15
  },
  "downscaler_horizons": [
    {
      "horizon_hours": 24,
      "pass": false,
      "r2": 0.4480038579636376,
      "rmse": 0.6082848699832979,
      "target_r2": 0.94,
      "target_rmse": 0.15
    },
    {
      "horizon_hours": 168,
      "pass": false,
      "r2": 0.14127554258932118,
      "rmse": 0.7425273558041702,
      "target_r2": 0.94,
      "target_rmse": 0.15
    }
  ],
  "overall_pass": false
}